{
    "os": "Windows-10-10.0.22621-SP0",
    "python": "3.10.11",
    "heartbeatAt": "2023-08-26T18:55:23.966369",
    "startedAt": "2023-08-26T18:55:23.028409",
    "docker": null,
    "cuda": null,
    "args": [
        "--worker"
    ],
    "state": "running",
    "program": "F:\\Studia\\inzynierka\\AITrackmania\\tmrl\\__main__.py",
    "codePath": "tmrl\\__main__.py",
    "git": {
        "remote": "https://github.com/Pheoxis/AITrackmania",
        "commit": "36f11807ea9abaa4aefdf1838f2e3e681910d8d1"
    },
    "email": "szulcak05@gmail.com",
    "root": "F:/Studia/inzynierka/AITrackmania",
    "host": "DESKTOP-B620HT4",
    "username": "user",
    "executable": "F:\\Studia\\inzynierka\\trackmaniaVenv\\Scripts\\python.exe",
    "cpu_count": 24,
    "cpu_count_logical": 32,
    "cpu_freq": {
        "current": 3000.0,
        "min": 0.0,
        "max": 3000.0
    },
    "cpu_freq_per_core": [
        {
            "current": 3000.0,
            "min": 0.0,
            "max": 3000.0
        }
    ],
    "disk": {
        "total": 481.9451217651367,
        "used": 8.812664031982422
    },
    "gpu": "NVIDIA GeForce RTX 4090",
    "gpu_count": 1,
    "gpu_devices": [
        {
            "name": "NVIDIA GeForce RTX 4090",
            "memory_total": 25757220864
        }
    ],
    "memory": {
        "total": 63.77281188964844
    }
}
